team,elo
Spain,2219.000394203685
Argentina,2187.298685955598
France,2124.7188944783043
England,2086.4403884751946
Brazil,2066.422926082373
Colombia,2059.749621382446
Portugal,2041.8066682372364
Ecuador,2023.3724132372074
Netherlands,2010.5037430664445
Germany,2004.5156588246612
Japan,1990.8480647463534
Morocco,1984.6646540791894
Norway,1972.5527018786192
Uruguay,1971.409859663474
Turkey,1969.8314979698134
Croatia,1969.1717383549076
Mexico,1956.243214167074
Belgium,1956.2380856738953
Switzerland,1956.1261367270038
Denmark,1929.3992467689309
Italy,1929.3169815051483
Paraguay,1915.5450327887663
Senegal,1913.2464441986804
Australia,1898.7990805141826
Canada,1896.3444029061216
Iran,1895.5684683018546
Austria,1890.9818891691975
Nigeria,1886.418928851618
South Korea,1879.2614589361503
Algeria,1872.5064503888188
Scotland,1844.8904322235605
Ukraine,1841.929392940304
Russia,1841.5410305166033
Panama,1837.9042898559953
Venezuela,1820.6283270611207
United States,1820.6191762437998
Uzbekistan,1819.568630656382
Ivory Coast,1814.7848646570517
Egypt,1810.603763852066
Jersey,1805.3280686067758
Greece,1804.026306644629
Czech Republic,1802.6873636684022
Serbia,1801.5406226524076
Chile,1801.1268380053575
Basque Country,1800.9364367400924
Jordan,1774.5163853251006
Kosovo,1772.99351111653
Sweden,1771.5898303299255
Poland,1771.4351800334941
Peru,1769.6713758609862
Hungary,1768.5172645409475
DR Congo,1763.9232096865542
Republic of Ireland,1761.9389281953786
Guernsey,1745.655224768024
Wales,1743.7503177750602
Slovenia,1739.4750287549439
Tunisia,1738.4748522718135
Costa Rica,1737.4113416347648
Iraq,1737.1135999555906
German DR,1730.9994649488426
Slovakia,1726.2041972098384
Bolivia,1725.321248344661
Cameroon,1724.4210083735015
New Zealand,1720.2531849619418
Haiti,1716.1011747010737
Georgia,1711.6951747323697
Isle of Man,1709.2242447669175
Mali,1708.4830020295774
Israel,1702.370272883185
Romania,1701.7916132290807
Honduras,1701.6959475996796
Saudi Arabia,1697.229173857826
Northern Cyprus,1689.5040291448345
Occitania,1686.8079090867088
Padania,1686.5864241529598
Albania,1674.7210637666672
Jamaica,1664.6655563945328
United Arab Emirates,1664.3513366726468
Northern Ireland,1663.679415303709
South Africa,1662.853158230586
Isle of Wight,1660.2949575053385
Catalonia,1655.9819475668326
Cape Verde,1654.355690173263
Bosnia and Herzegovina,1652.621894381899
Burkina Faso,1651.8025037171235
North Macedonia,1650.9331859981198
Iraqi Kurdistan,1645.2970834494683
Ynys Môn,1639.7680897930813
Guatemala,1639.074532382837
Iceland,1630.1481229727383
Abkhazia,1628.2135503103843
Ghana,1625.1522041753517
Curaçao,1609.3194564595249
Kárpátalja,1606.8117527860563
New Caledonia,1601.0521636350702
Finland,1600.3843884812156
Syria,1596.6536515234304
Kernow,1593.0907718351098
Andalusia,1592.9921430351
Suriname,1592.728748348898
Rhodes,1591.738816791241
County of Nice,1591.0148238645445
Angola,1589.4699102783206
Palestine,1587.5754304057932
Belarus,1586.0776018829213
Panjab,1585.6999853165985
Réunion,1581.7661982218467
Tamil Eelam,1580.8172382056239
Guinea,1578.5049513217084
Oman,1577.5707133782896
Ellan Vannin,1569.8139760165236
Kurdistan,1567.0811344737529
Menorca,1566.1784217702645
Qatar,1565.8682198189827
Artsakh,1557.352849559643
Corsica,1556.0102969446575
Yorkshire,1553.30234036626
Chameria,1552.7390487077334
China,1552.4386949499
Zambia,1550.7607143760367
Arameans Suryoye,1546.33872222654
Quebec,1546.1709904699287
Cascadia,1545.3406122634049
Benin,1539.586064836396
Gambia,1539.2408715528372
Bahrain,1539.1508737251452
Bulgaria,1539.0158765200647
Trinidad and Tobago,1538.006884562966
Zanzibar,1534.5182093589533
Thailand,1533.8502898141128
Libya,1531.0669836179165
Guadeloupe,1529.8132818969273
Maule Sur,1528.345836909456
Galicia,1527.0559896244704
Gabon,1521.8945980700878
Asturias,1520.5297736017358
Montenegro,1519.219217860326
Western Armenia,1518.720314076637
Surrey,1516.2131074740391
Canary Islands,1515.2544970984736
Biafra,1514.7598918593928
Parishes of Jersey,1513.8865876791535
Nicaragua,1513.8420034842627
Uganda,1513.2747612277358
Donetsk PR,1511.8362639773018
Tahiti,1510.6250530708637
Madagascar,1510.526696782537
Mapuche,1508.4707999873015
Kazakhstan,1508.4024992169525
Felvidék,1507.4815057255762
Silesia,1507.0732596520636
Elba Island,1506.7562216932988
Crimea,1504.8928204444953
Indonesia,1504.5409105614312
Brittany,1504.2864779627075
Shetland,1503.3216515118688
United Koreans in Japan,1501.718057431275
El Salvador,1500.4545386803695
Délvidék,1500.2246726980482
Niger,1499.3356156402415
Guyana,1497.513714486892
Togo,1495.9833016450614
Central Spain,1495.317158400716
Mozambique,1494.7879247873175
Saugeais,1494.741297409393
North Korea,1492.9152300691217
Cilento,1490.6493488702527
Martinique,1490.3414220946063
Sápmi,1489.8048234526511
Madrid,1489.4964062988552
Luhansk PR,1489.1633166454244
Comoros,1488.9991553436269
North Vietnam,1487.7353518781554
Seborga,1486.4329918423894
Székely Land,1483.9502836434842
Sealand,1483.9385739743498
Yoruba Nation,1483.5326058857468
Dominican Republic,1483.5098088077725
Matabeleland,1482.6554782291669
Malaysia,1481.6481146239905
Republic of St. Pauli,1480.8321821326058
Franconia,1478.16374014804
Somaliland,1477.6885693831314
Zimbabwe,1475.789331604498
South Ossetia,1475.6493007853037
Ryūkyū,1474.4369977926372
West Papua,1474.3187923773514
Åland Islands,1473.474539086139
Kenya,1472.0774643632838
Sudan,1471.5257846148609
Sierra Leone,1470.8954326069884
Gozo,1469.3163256479656
South Yemen,1468.8491680110797
Vietnam,1468.4540042807935
Kuwait,1468.0630488240556
Greenland,1465.807892265511
Romani people,1463.7791629666624
East Turkestan,1463.221864068655
Aymara,1463.1833631032425
Luxembourg,1461.1703020114978
Provence,1460.2063116152326
Hmong,1459.766071496685
Kabylia,1455.8288584203551
Mayotte,1454.2677590900446
Papua New Guinea,1453.8390907279957
Kyrgyzstan,1452.4321726207545
Monaco,1452.0049651176073
Mauritania,1451.76028174463
Chechnya,1451.2812301570607
Rwanda,1448.7478223814562
Saarland,1446.4917203015586
Lebanon,1446.3266333994336
Equatorial Guinea,1444.3683653756952
Faroe Islands,1444.1161124816613
Gotland,1443.8645371560249
Vanuatu,1441.682925809609
Malawi,1438.0970381552752
Liberia,1437.5114416902766
Tajikistan,1437.4242453527943
Western Isles,1436.1454294970404
Cuba,1435.223177770878
Manchukuo,1430.3536937259698
Armenia,1430.2795605448405
Găgăuzia,1429.5979146896605
Niue,1427.197396829282
Ticino,1426.5022396006914
Estonia,1425.74903816671
Fiji,1423.9885488568984
Namibia,1423.9403794235855
French Guiana,1423.3729483904995
Palau,1421.5584221159281
Saint Barthélemy,1419.2959295797023
Lesotho,1418.7349799250512
Vatican City,1418.5167369716755
Tanzania,1417.7478446260573
Two Sicilies,1417.401056706327
Marshall Islands,1417.2750037211717
Western Sahara,1400.2309477190138
Orkney,1397.367660021107
Western Australia,1395.306625765772
Azerbaijan,1393.1035686712562
Ethiopia,1392.7105530730441
Ambazonia,1392.2018383996237
Raetia,1391.2623085540017
Botswana,1387.529804824065
Burundi,1387.2520037012143
Turkmenistan,1386.3286799514315
Cyprus,1372.8772510996153
Solomon Islands,1372.1169303065174
Puerto Rico,1367.615058321442
Central African Republic,1362.2220670590511
Guinea-Bissau,1361.101816697507
Saint Vincent and the Grenadines,1360.5437898205178
Chagos Islands,1359.4887978226386
Barawa,1358.411900456665
Yemen DPR,1354.7716515621532
Malta,1352.323825884079
Saint Helena,1348.6597473202137
Vietnam Republic,1346.9962373422616
Hitra,1343.6297599277038
Bermuda,1341.7948155371153
Saare County,1340.8923445670844
Philippines,1340.7555153973726
Lithuania,1336.0563214811343
Latvia,1333.516300944253
Saint Martin,1331.2738999242288
Congo,1329.602064928616
Sark,1327.727692659706
Micronesia,1327.012853494592
Moldova,1325.5062359499582
Eswatini,1316.8809737819586
Sint Maarten,1314.8602813002117
Hong Kong,1309.8279563059082
Yemen,1307.0875844480802
Belize,1298.62154951606
Wallis Islands and Futuna,1295.9729395970155
Grenada,1295.1840474598384
Singapore,1294.3702613220667
Saint Pierre and Miquelon,1286.1259070308292
Saint Kitts and Nevis,1278.414882146697
Darfur,1274.7957687686571
South Sudan,1272.5631341135443
Tibet,1266.8302428496218
Chad,1246.4614816599421
Samoa,1245.4030576337793
India,1236.5630404517854
Montserrat,1234.5419011871868
Kiribati,1232.671806407752
Saint Lucia,1222.0128886173286
Tuvalu,1219.5922873221296
Aruba,1218.7756812778769
Falkland Islands,1214.853424542294
Mauritius,1208.5869662905923
Eritrea,1197.000991541184
Afghanistan,1195.4063699800238
Frøya,1194.7806172669416
São Tomé and Príncipe,1181.4920097882543
Dominica,1172.5357881552602
Cook Islands,1148.0527479757386
Andorra,1146.0410304734462
Myanmar,1136.4318588541778
Barbados,1134.8159611620467
Bonaire,1132.3992371681525
Gibraltar,1132.0705117299883
Bangladesh,1131.1648926535797
Antigua and Barbuda,1116.6145313944476
Nepal,1102.7788222367712
Pakistan,1093.346641536389
Tonga,1087.744873619027
Cambodia,1078.3235148843828
Djibouti,1077.2765868027673
Alderney,1076.971877521945
Somalia,1060.0927265128405
Taiwan,1057.290746220563
Cayman Islands,1055.7055198596074
British Virgin Islands,1046.8303173796207
Sri Lanka,1012.8223510163959
Seychelles,1010.6154711772954
Maldives,997.9575785940671
Mongolia,995.8234806440315
Turks and Caicos Islands,995.1299797712921
Northern Mariana Islands,982.6105808607821
United States Virgin Islands,982.4797236059422
Guam,980.6938427317202
Liechtenstein,977.8797536323403
Bahamas,964.4568210921542
American Samoa,941.9163134007321
Laos,938.6831660843628
Anguilla,916.5335908365748
San Marino,911.2265415142359
Timor-Leste,910.0720495024353
Brunei,907.3251354213105
Bhutan,862.7550309815226
Macau,848.6046059736051
